tempo_s,T_processo_C,T_medida_C,u,T_filtrada_C
0.0,25.0,0.0,0.0,0.0
1.0,31.11111111111111,24.80541727600701,1.0,3.720812591401052
2.0,37.08641975308642,25.334730108925037,1.0,6.962900219029651
3.0,42.92894375857338,26.37230483816169,1.0,9.874310911899457
4.0,48.64163389727175,27.25897745788161,1.0,12.48201089379678
5.0,54.22737536622127,29.01397099447999,1.0,14.96180490889926
6.0,59.68898924697191,30.276366782442437,1.0,17.258989189930737
7.0,65.02923393037253,32.061717287960526,1.0,19.479398404635205
8.0,70.25080650969758,34.11493135200817,1.0,21.674728346741148
9.0,75.35634414281542,36.9297976574363,1.0,23.96298874334542
10.0,80.34842538408618,39.384808117266026,1.0,26.27626164943351
11.0,85.22957148666205,42.331140159181565,1.0,28.68449342589572
12.0,90.00224767584734,45.190935762618054,1.0,31.160459776404068
13.0,94.66886439416184,48.18607004784192,1.0,33.71430131711975
14.0,99.23177851873602,51.03244684623079,1.0,36.3120231464864
15.0,103.693294551653,54.354488055579296,1.0,39.018392882850335
16.0,108.05566578383849,57.644225801415274,1.0,41.81226782063508
17.0,112.32109543308653,61.37639940743288,1.0,44.74688755865475
18.0,116.49173775679571,64.28750235345271,1.0,47.67797977787444
19.0,120.56969913997803,67.95833774522163,1.0,50.720033472976525
20.0,124.55703915908963,71.2759237148583,1.0,53.803417009258794
21.0,128.45577162222096,74.99886286302986,1.0,56.98273388732445
22.0,132.2678655861716,78.52784662178202,1.0,60.21450079749309
23.0,135.99524635092334,82.2640778359941,1.0,63.52193735326824
24.0,139.63979643201392,85.87754018203299,1.0,66.87527777758295
25.0,143.2033565113025,89.18155916472833,1.0,70.22121998565476
26.0,146.68772636660688,93.19550004266247,1.0,73.66736199420592
27.0,150.09466578068228,96.2346843668865,1.0,77.052460350108
28.0,153.42589543000045,100.00665464316994,1.0,80.4955894940673
29.0,156.6830977537782,103.51320247278443,1.0,83.94823144087488
30.0,159.86791780369424,107.23423884124762,1.0,87.44113255093079
31.0,162.98196407472327,110.7931027257496,1.0,90.9439280771536
32.0,166.0268093175072,114.39183912565026,1.0,94.4611147344281
33.0,169.0039913326737,117.43893932435097,1.0,97.90778842291652
34.0,171.91501374750317,121.14722575680662,1.0,101.39370402300004
35.0,174.76134677533642,124.05950034823627,1.0,104.79357347178546
36.0,177.54442795810672,127.82132118218993,1.0,108.24773562834613
37.0,180.265662892371,130.7814465838316,1.0,111.62779227166897
38.0,182.9264259392072,134.3737434576727,1.0,115.03968494956953
39.0,185.52806091833594,137.53416681780308,1.0,118.41385722980458
40.0,188.07188178681736,141.0814614053624,1.0,121.81399785613826
41.0,190.55917330266587,144.00747199756927,1.0,125.14301897735291
42.0,192.99119167371774,146.627687516716,1.0,128.36571925825737
43.0,195.36916519207958,150.094691885366,1.0,131.62506515232366
44.0,197.69429485447782,152.77198692264997,1.0,134.79710341787262
45.0,199.96775496882276,156.1610951550394,1.0,138.00170217844763
46.0,202.19069374729335,159.1131339774678,1.0,141.16841694830066
47.0,204.3642338862424,162.081522031425,1.0,144.30538271076932
48.0,206.4894731332148,164.69695497658526,1.0,147.3641185506417
49.0,208.56748484136557,167.51815753026446,1.0,150.3872243975851
50.0,210.59931851155744,170.1884810035831,1.0,153.3574128884848
51.0,212.58600032241173,172.99563289903796,1.0,156.30314589006778
52.0,214.52853364858035,175.33280444575234,1.0,159.15759467342045
53.0,209.76123290083413,178.38373480802534,0.0,162.0415156936112
54.0,205.0998721697045,180.2884960664611,0.0,164.77856274953868
55.0,200.54209723259996,182.23112667666376,0.0,167.39644733860746
56.0,196.08560618298662,183.0367480255094,0.0,169.74249244164275
57.0,191.72814826780913,184.28555034704127,0.0,171.92395112745254
58.0,187.4675227507467,184.6515403053899,0.0,173.83308950414315
59.0,183.30157780073012,184.91603177200662,0.0,175.49553084432267
60.0,179.22820940515834,184.36850961805476,0.0,176.8264776603825
61.0,175.24536030726594,184.51964838544077,0.0,177.98045326914124
62.0,171.35101896710447,183.78367539355517,0.0,178.85093658780335
63.0,167.54321854561326,183.03918114150133,0.0,179.47917327085804
64.0,163.8200359112663,182.08565064931028,0.0,179.87014487762588
65.0,162.19086227306556,180.67664840535022,0.3016907406407785,179.99112040678455
66.0,165.25328755588632,179.4008513294083,1.0,179.9025800451781
67.0,168.24765894353328,178.31326249168004,1.0,179.6641824121534
68.0,171.17548874478808,177.6702109387497,1.0,179.36508669114284
69.0,174.03825566157056,177.11314167042516,1.0,179.02729493803517
70.0,176.83740553575788,177.07108092794041,1.0,178.73386283652096
71.0,179.5743520794077,176.9893488228502,1.0,178.47218573447034
72.0,182.2504775887542,177.18958127232366,1.0,178.27979506514833
73.0,184.86713364233742,177.40893789013919,1.0,178.14916648889698
74.0,187.4256417836188,178.04538360620037,1.0,178.1335990564925
75.0,189.54322177767682,178.7526657319138,0.9423891383874313,178.2264590578057
76.0,190.4803119422961,179.12929308853165,0.7723742639518144,178.36188416241458
77.0,186.2474161213562,180.27563729937185,0.0,178.64894713295817
78.0,182.10858465199271,180.48622633085634,0.0,178.9245390126429
79.0,178.06172721528176,180.3253092713748,0.0,179.13465455145268
80.0,174.10479994383107,180.55416890065413,0.0,179.3475817038329
81.0,171.1164268900535,180.16835128758808,0.13209337507947,179.4706971413962
82.0,173.98050629249676,179.06702088332875,1.0,179.41014570268607
83.0,176.52751947515242,179.16687650397128,0.9619869983733389,179.37365532287885
84.0,179.2713523757046,179.07320306233598,1.0,179.3285874837974
85.0,180.23507359285605,179.2864140556254,0.7421293571584021,179.32226146957163
86.0,182.8965164019037,178.7747379709863,1.0,179.24013294478382
87.0,178.8321493707503,179.78564036361496,0.0,179.32195905760852
88.0,181.52476827362253,179.21791093091048,1.0,179.3063518386038
89.0,181.64120452557265,179.4099880022595,0.6225479987045918,179.32189726315218
90.0,177.60473331389326,180.08734437676716,0.0,179.43671433019443
91.0,180.32462812914008,179.53883480933672,1.0,179.45203240206578
92.0,180.44081957292875,179.54492687902598,0.6185108103320994,179.46596657360982
93.0,182.48104728991404,179.40877953861943,0.9075035561242225,179.45738851836126
94.0,178.42591290569374,179.91375164074594,0.0,179.52584298671894
95.0,181.1275592855672,179.35292855841536,1.0,179.4999058224734
96.0,177.1025024125546,180.07519135766708,0.0,179.58619865275247
97.0,179.83355791449782,179.45740676332971,1.0,179.56687986933906
98.0,178.3469466066514,179.64286784353203,0.3764534968713633,179.57827806546803
99.0,176.67595944429306,179.73599816852914,0.34384174766842307,179.6019360809272
100.0,179.41649367886433,179.39632929857416,1.0,179.57109506357423
101.0,182.09612715266735,179.23145689412104,1.0,179.52014933815624
102.0,180.88974401034977,179.5349899534835,0.42602961916125304,179.52237543045533
103.0,180.67679375453716,179.58802608842686,0.5710232749959385,179.53222302915106
104.0,182.42673957035547,179.46770124170783,0.8647478515545356,179.52254476103457
105.0,178.85370780525528,179.8177010348806,0.07213436713615917,179.56681820211148
106.0,178.54004951251363,179.7219831630343,0.5491302821062691,179.5900929462499
107.0,174.57249285668,179.99095509212634,0.0,179.6502222681314
108.0,177.3597707931982,179.07846536677215,1.0,179.5644587329275
109.0,180.08510922001602,179.1402244922545,1.0,179.50082359682656
110.0,178.87496457600668,179.52096701647295,0.4187620007986493,179.50384510977352
111.0,181.5666320298732,179.25228573252545,1.0,179.4661112031863
112.0,181.20498794233973,179.50463838233915,0.5509754936362226,179.47189028005923
113.0,179.12832879531467,179.73743397215088,0.2925177544207071,179.511721833873
114.0,180.86019738749755,179.55284527347857,0.8568747181451483,179.51789034981385
115.0,180.54910295818152,179.63301541878062,0.5562031602275874,179.53515911015887
116.0,182.43128240297662,179.50604596738478,0.8841572599132047,179.53079213874275
117.0,179.4450525398993,179.8190613061144,0.16016979521499197,179.57403251384852
118.0,182.124051372346,179.3875895156227,1.0,179.54606606411465
119.0,178.0768502307383,180.06728782324097,0.0,179.62424932798362
120.0,179.7485330144943,179.70442770980011,0.8443419183325296,179.6362760852561
121.0,175.75412116972777,180.0827218059056,0.0,179.70324294335353
122.0,178.51514069928936,179.5247596145315,1.0,179.6764704440302
123.0,174.5481375726385,180.02613756738566,0.0,179.7289205125335
124.0,177.33595673769096,178.9475970584408,1.0,179.6117219944196
125.0,180.06182436574227,178.82451169929934,1.0,179.49364045015156
126.0,182.72711715761466,178.9322825585254,1.0,179.40943676640762
127.0,180.28764227583576,179.55545740985235,0.24316915825854946,179.43133986292435
128.0,182.94791689192832,179.2650264468601,1.0,179.4063928505147
129.0,178.88240762766324,179.86736039860608,0.0,179.47553798272838
130.0,179.28072638190125,179.72580383405935,0.6560225052279128,179.513077860428
131.0,178.76767459139018,179.73947538069945,0.5206446526963435,179.54703748846873
132.0,181.46172626713707,179.3697975243321,1.0,179.52045149384824
133.0,179.17875997486505,179.72889251943752,0.2624274770496521,179.55171764768664
134.0,181.0902928544639,179.5660871518909,0.8839924651893818,179.55387307331728
135.0,177.7442534256275,179.89316538601213,0.10172839518941712,179.60476692022152
136.0,177.6668184936169,179.7865624502773,0.5808656049504987,179.63203624972988
137.0,180.38533363820318,179.41593673082463,1.0,179.5996213218941
138.0,178.28903462292686,179.74523167731974,0.2868395931692317,179.62146287520795
139.0,179.60121153119115,179.6285225676677,0.7911233183160652,179.6225218290769
140.0,182.27674016383136,179.38337185528832,1.0,179.5866493330086
141.0,181.2035073142313,179.65944375722123,0.4466042064394281,179.59756849664052
142.0,179.77734494446332,179.80012965685444,0.39008733558224257,179.6279526706726
143.0,182.25078172058411,179.57060496836536,0.9702733328996624,179.61935051532654
144.0,178.20076434901557,180.09684745786703,0.0,179.69097505670763
145.0,178.64448128629002,179.84569179307883,0.6605600884212203,179.7141825671633
146.0,179.89643830542946,179.68700197306424,0.7832751571585488,179.71010547804843
147.0,175.89873967641992,180.04632850667699,0.0,179.76053893234274
148.0,178.65654546138836,179.30712227166796,1.0,179.6925264332415
149.0,179.44290836636293,179.51136001594432,0.7134762539508148,179.66535147064695
150.0,179.46885384479268,179.65225328297436,0.6020348496523371,179.66338674249607
151.0,182.14732375935284,179.27165538240843,1.0,179.60462703848293
152.0,178.55170982061978,179.82522873946425,0.06781565505454923,179.63771729363015
153.0,181.2505607134949,179.30153393116305,1.0,179.5872897892601
154.0,183.88943714208392,179.2328149675538,1.0,179.53411856600417
155.0,179.80300520559317,180.0312711099356,0.0,179.60869144759388
156.0,181.95547044971883,179.70482800925774,0.92221313730416,179.62311193184348
157.0,177.9120155508362,180.11155757925002,0.0,179.69637877895445
158.0,175.88758192119673,180.05283332865395,0.2893750073901981,179.7498469614094
159.0,178.64563565628126,179.0952431274054,1.0,179.6516563863088
160.0,175.5624692322953,179.72721763100628,0.13301048858971276,179.66299057301342
161.0,178.32774769379986,178.97289048556124,1.0,179.5594755598956
162.0,179.0369844516584,179.40037242465453,0.7008113393247806,179.53561008960943
163.0,181.72505146384378,179.40665410070156,1.0,179.51626669127324
164.0,182.13574100866347,179.59466013736485,0.6673536032691003,179.528025708187
165.0,180.36828159990853,179.83419726829067,0.342000225382302,179.57395144220254
166.0,181.56000031181597,179.71388072009165,0.7799854121191458,179.59494083388591
167.0,184.19200030488673,179.40544993366277,1.0,179.56651719885244
168.0,180.0988447425559,180.26231093912932,0.0,179.670886259894
169.0,179.6272363374429,180.01022255805205,0.5295882217082334,179.7217867046177
170.0,178.25147598694798,179.97820258963694,0.3923934018839043,179.7602490873706
171.0,176.00475673346622,180.03268262763604,0.25716369860089516,179.8011141184104
172.0,178.75113805006637,179.68686795264225,0.9986397199349085,179.78397719354516
173.0,181.44555720450936,179.4268441038845,1.0,179.73040723009606
174.0,180.31906559165176,179.72864357630286,0.43584478208639155,179.7301426820271
175.0,177.9325608542256,179.94627904518245,0.24308784135825076,179.7625631365004
176.0,180.6451706130206,179.65185556342354,1.0,179.74595700053888
177.0,176.86148324241677,180.01961290014862,0.0345974631194923,179.78700538548034
178.0,179.59789472591862,179.53479959674027,1.0,179.7491745171693
179.0,178.8417021710097,179.74997412090102,0.48523076585005864,179.74929445772906
180.0,181.5341087894317,179.4007426334252,1.0,179.6970116840835
181.0,179.414547303535,179.79740295243553,0.28717947308026387,179.7120703743363
182.0,182.0942240301231,179.37973787876047,1.0,179.6622204999999
183.0,181.22206716123313,179.69753681078512,0.47615721643358416,179.6675179466177
184.0,177.19491011320574,180.12244108411784,0.0,179.73575641724273
185.0,179.92391211069005,179.36196359815403,1.0,179.67968749437944
186.0,175.92560295267472,180.11316387069115,0.0,179.7447089508262
187.0,178.6828117759486,179.6488121246223,1.0,179.73032442689563
188.0,181.37874929203863,179.43433927021186,1.0,179.68592665339307
189.0,182.4419207882368,179.5796239582979,0.7640715554031908,179.6699812491288
190.0,178.38765588183156,180.0407255338041,0.0,179.72559289183008
191.0,180.3864160308937,179.75940046579572,0.8944395419654296,179.73066402792495
192.0,181.3185935161817,179.7262701697627,0.7411146762295112,179.7300049492006
193.0,183.955958104711,179.48617443707386,1.0,179.69343037238158
194.0,179.8680479246063,180.1321863109435,0.0,179.75924376316587
195.0,175.87098019294837,180.28143806081073,0.0,179.8375729078126
196.0,178.32039039511466,179.8305133469301,0.9536481309681056,179.83651397368024
197.0,179.73814627296358,179.72617345085615,0.8070646829943877,179.81996289525665
198.0,180.4945032373116,179.73433612324362,0.7125806988954122,179.80711887945472
199.0,180.7483334588427,179.77626742868247,0.6397228773540371,179.80249116183887
200.0,180.4490159619124,179.83574552413208,0.5575968203232645,179.80747931618285
201.0,182.64267551636271,179.67629935242897,0.9305456530405889,179.78780232161978
202.0,178.5839493937769,180.26699374980714,0.0,179.85968103584787
203.0,175.78476196641253,180.2241293174409,0.1754017172079358,179.91434827808683
204.0,178.54510058938115,179.7306677109526,1.0,179.8867961930167
205.0,180.92165866351584,179.62523043296434,0.9516340464181429,179.84756132900884
206.0,178.07737421146348,179.97094829812823,0.17642952773720028,179.86606937437676
207.0,180.7867658956532,179.58130902577543,1.0,179.82335532208657
208.0,182.2871052181205,179.63144334004303,0.8276734513556057,179.79456852478006
209.0,179.59381098067746,179.96388021505535,0.2036295484439461,179.81996527832135
210.0,182.26950406999575,179.6695191839376,1.0,179.7973983641638
211.0,181.75547237223577,179.81751999740973,0.5304602589026552,179.8004166091507
212.0,177.71646187507497,180.32466225307257,0.0,179.87905345573898
213.0,180.06445257198155,179.87377618724943,0.9445868107862373,179.87826186546556
214.0,179.07846241234174,179.94015545280493,0.4523163179606314,179.88754590356646
215.0,181.76560769206748,179.60899362395372,1.0,179.84576306162455
216.0,177.7263719655771,180.19275609670308,0.0,179.89781201688632
217.0,180.4435636996754,179.6440295118041,1.0,179.859744641124
218.0,179.44360904002644,179.85017056262177,0.4514853467182439,179.85830852934868
219.0,178.88298279474688,179.9023207356144,0.5140514266748182,179.86491036028852
220.0,181.57447206597473,179.62554698395087,1.0,179.82900585383788
221.0,182.10879237583907,179.72950383577592,0.6853962866995681,179.8140805511286
222.0,184.1507478049773,179.66051822644616,0.9133226222901976,179.79104620242623
223.0,180.0585089648667,180.2607099558017,0.0,179.86149576543255
224.0,176.05720876564743,180.44310262215086,0.0,179.9487367939403
225.0,176.60796153508429,180.06721179520534,0.6694702779676851,179.96650804413008
226.0,179.35000683430462,179.5486130495264,1.0,179.9038237949395
227.0,178.6103448981674,179.80268224979457,0.4868840656937663,179.88865256316777
228.0,176.34815289967744,180.0195370836355,0.256039016553733,179.90828524123793
229.0,179.09597172412904,179.23062233815136,1.0,179.80663580577493
230.0,175.71642538758496,179.874955758702,0.09005462193214997,179.816883798714
231.0,178.4782826011942,179.03459715272214,1.0,179.69954080181523
232.0,181.17876521005655,179.1475426943446,1.0,179.61674108569466
233.0,183.30910442704413,179.43070412097808,0.9234800999149904,179.58883554098716
234.0,184.20212110703554,179.63684882826192,0.7449828500888582,179.5960375340784
235.0,181.82526260515175,179.96342474127007,0.25747829507421666,179.65114561515713
236.0,179.66790783210973,180.08074629469968,0.2824809927275385,179.71558571708852
237.0,176.5980320550701,180.19773226005915,0.13841165955108808,179.7879076985341
238.0,179.34029800940186,179.46880213292695,1.0,179.74004186369302
239.0,175.74117487535042,179.99326154801696,0.05793252325695736,179.7780248163416
240.0,178.50248210034263,179.4112214445174,1.0,179.72300431056794
241.0,180.42831295937327,179.5616377059608,0.8838829025224039,179.69879931987688
242.0,183.0854615602761,179.48796683931647,1.0,179.66717444779283
243.0,183.92555007117647,179.6694339018716,0.736298148502645,179.66751336590465
244.0,179.83831562515033,180.14501076059008,0.0,179.73913797510747
245.0,181.32785856603383,179.89005376042,0.8228924932163568,179.76177534290434
246.0,181.59690807231382,179.87834197661294,0.6447836211621109,179.77926033796064
247.0,181.6279822783626,179.89213563837987,0.6099841578150272,179.7961916330235
248.0,177.591804894399,180.22481472235273,0.0,179.8604850964229
249.0,180.3119870078568,179.83470392901,1.0,179.85661792131097
250.0,177.8953010183074,180.05980591001583,0.23853705826044744,179.8870961196167
251.0,177.63513761805015,179.99221318634042,0.5539598266891028,179.90286367962526
252.0,178.89589301833112,179.85301068564058,0.7812304354356445,179.89538573052755
253.0,181.58709539570154,179.4696016826459,1.0,179.83151812334532
254.0,181.66146783684366,179.72906753445753,0.6164461841569897,179.81615053501213
255.0,183.5691111131654,179.69825208759914,0.8916847175710751,179.79846576790018
256.0,182.36500586395152,179.91695806218854,0.43128124966180226,179.81623961204343
257.0,178.31245017808592,180.34707333521888,0.0,179.89586467051976
258.0,174.34995128523957,180.4175795535264,0.0,179.97412190297075
259.0,177.14217459001202,179.72586310519412,1.0,179.93688308330425
260.0,179.87234848801174,179.42227149392514,1.0,179.85969134489739
261.0,176.5318538689213,179.97322405792238,0.09850030209647287,179.87672125185114
262.0,179.27559044961194,179.34343062070388,1.0,179.79672765717905
263.0,181.95835510628723,179.45248335565572,1.0,179.74509101195054
264.0,184.58150277059195,179.44454226882266,1.0,179.70000870048136
265.0,184.2097229252023,179.7540892766167,0.5595046990935231,179.70812078690165
266.0,180.11617352686446,180.31415262334835,0.0,179.79902556236866
267.0,176.11359189293412,180.44210850076504,0.0,179.89548800312812
268.0,178.38263189822655,179.9694727380085,0.9274013071036432,179.9065857133602
269.0,178.27755312340747,179.95514416640802,0.5788469567712252,179.91386948131736
270.0,179.05111232689873,179.88484160463952,0.7102923909350455,179.9095152998157
271.0,181.73886538630097,179.49008550806062,1.0,179.84660083105246
272.0,180.00374683669358,179.8823763554569,0.34552843551322615,179.85196715971313
273.0,177.9321972258582,180.06674939431372,0.28928004783033945,179.88418449490322
274.0,179.65734179437246,179.86059319711876,0.851879009363334,179.88064580023556
275.0,182.33162308783085,179.60155421434112,1.0,179.83878206235138
276.0,182.86552497097202,179.75893658425355,0.6878573594306118,179.8268052406367
277.0,179.6663679860251,180.09997931767646,0.12967820216120401,179.86778135219265
278.0,180.14330678237712,179.96635757995688,0.6704287127395532,179.88256778635727
279.0,180.15743422304266,179.94735132529863,0.6025968053744191,179.89228531719849
280.0,176.1539356847528,180.29266296717483,0.0,179.95234196469494
281.0,175.18551738593501,180.15664689354102,0.4419170407931716,179.98298770402184
282.0,177.95917255513646,179.17142913046996,1.0,179.86125391798905
283.0,180.6711909428001,179.24708368630994,1.0,179.7691283832372
284.0,182.2059805053729,179.54766914141322,0.8324557375285866,179.7359094969636
285.0,184.8236253830313,179.51624444592503,1.0,179.7029597393078
286.0,187.3831003745195,179.4606761231788,1.0,179.66661719688847
287.0,183.21903147730796,180.1607558672347,0.0,179.74073799744042
288.0,179.1474974444789,180.83638841662298,0.0,179.90508556031781
289.0,179.9916786572899,180.23537242468757,0.7237855067365815,179.95462858997328
290.0,175.99186357601678,180.8001822297976,0.0,180.08146163594694
291.0,176.74786924863474,180.23045792599274,0.7000403961460826,180.1038110794538
292.0,178.8637254343469,179.90031624409343,0.9065379920189371,180.07328685414976
293.0,178.1023304556308,179.98071978385113,0.48200317130707615,180.05940179360496
294.0,177.50330773909837,180.00195274427884,0.5038210273722364,180.05078443620604
295.0,179.07882603386528,179.84985517207593,0.828005436678696,180.02064504658654
296.0,181.76596323311273,179.65258724646392,1.0,179.96543637656814
297.0,184.3933862723769,179.57552303662678,1.0,179.90694937557694
298.0,180.29575546632407,180.31614230021256,0.0,179.9683283142723
299.0,180.41594813496545,180.07923399689452,0.6190147518506199,179.98496416666563
300.0,176.40670484307734,180.31945649014622,0.0,180.03513801518773
301.0,179.15322251323119,179.5182448295088,1.0,179.9576040373359
302.0,179.5406819710986,179.74448932773223,0.6552963270575493,179.92563683089537
303.0,181.202870007955,179.74132348300427,0.8477971454321215,179.8979898287117
304.0,183.81007286813264,179.66971358412795,0.9950899957198305,179.86374839202415
305.0,179.72540458217412,180.36486990796828,0.0,179.93891661941575
306.0,180.10868354646271,180.08751375116984,0.6565765265838701,179.96120618917888
307.0,176.55471781156956,180.26854043823295,0.06726741825423402,180.007306326537
308.0,179.29199366181848,179.87626858455184,0.9991071035759029,179.98765066523922
309.0,181.97439380266695,179.47215626648375,1.0,179.9103265054259
310.0,178.2641844063368,180.03192427329415,0.0500499032260347,179.92856617060613
311.0,179.1946905512375,179.9148133591616,0.7337898697562297,179.92650324888945
312.0,181.87925298343222,179.58596234883123,1.0,179.87542211388072
313.0,182.0222050714735,179.79155448450072,0.6277069898176324,179.86284196947372
314.0,180.34761327890715,180.00977116468715,0.3555519146866226,179.88488134875573
315.0,176.33988853937586,180.54045221517072,0.0,179.98321697871796
316.0,179.08789101627863,179.93990312641787,1.0,179.97671990087295
317.0,181.77482677147245,179.6975256402622,1.0,179.93484076178135
318.0,179.29807010948852,180.03241018748983,0.2344025899406506,179.9494761756376
319.0,181.98033521816654,179.41736086925056,1.0,179.86965887967955
320.0,180.99191645322992,179.8102736858701,0.45833830265339487,179.86075110060813
321.0,177.65130499743398,180.14406002865405,0.10221466980804339,179.903247439815
322.0,173.70349821971323,180.4331601151055,0.0,179.98273434110857
323.0,176.51008714816405,179.48054870922235,1.0,179.90740649632562
324.0,179.2543074337604,179.1777052966887,1.0,179.79795131638008
325.0,180.76234145441316,179.53493096760425,0.8237194612104475,179.7584982640637
326.0,183.41206719987065,179.1855285372383,1.0,179.67255280503989
327.0,179.67045896472118,179.92559785485057,0.05013232206048024,179.71050956251148
328.0,182.34444876550515,179.58668149778632,1.0,179.6919353528027
329.0,184.95901657071616,179.59070062876148,1.0,179.67675014419652
330.0,181.62452361334167,180.05401465017357,0.11635611162954551,179.73333982009308
331.0,178.38248653072338,180.2356074815782,0.1191095163183945,179.80867996931585
332.0,176.401020531171,180.2169358198493,0.29738838850288746,179.86991834689587
333.0,178.04588989841008,179.94138063958513,0.8347338068564295,179.88063769079926
334.0,179.85721620826715,179.81775529488883,0.8651852461399261,179.87120533141268
335.0,182.52705584808342,179.41002218713206,1.0,179.8020278597706
336.0,180.46681300916669,179.88921880212823,0.29938709365609945,179.81510650112423
337.0,177.83091204576334,180.1262431143842,0.20617089885338544,179.86177699311324
338.0,180.5457806669686,179.60570052777626,1.0,179.8233655233127
339.0,179.03190313228396,179.9292598363629,0.3747376386871997,179.83924967027022
340.0,180.34608318093683,179.8505964062096,0.7939000177388755,179.84095168066114
341.0,180.54367530723994,179.90166814677568,0.630792429548589,179.85005915057832
342.0,183.1982603004124,179.68494536247104,1.0,179.82529208236224
343.0,180.588041649476,180.04083159310966,0.2191280700275826,179.85762300897437
344.0,181.1095985055441,179.95312206609702,0.6801936672418054,179.87194786754276
345.0,181.05757516349246,179.9605816918061,0.5958951603773976,179.88524294118224
346.0,177.03407349319264,180.38788837896413,0.0,179.9606397568495
347.0,178.20536471502118,180.0490417488606,0.7658072615849227,179.97390005565117
348.0,174.3569843820928,180.28517456573223,0.016760832444149998,180.02059123216333
349.0,177.14905139582407,179.66654773990217,1.0,179.96748470832415
350.0,179.87907247591687,179.3973715583935,1.0,179.88196773583456
351.0,182.5484264208965,179.38833694835702,1.0,179.80792311771293
352.0,185.15846138932102,179.44608067531288,1.0,179.75364675135293
353.0,185.57098142923502,179.71567734048793,0.6790728772848387,179.7479513397232
354.0,181.44718184191868,180.3883592440713,0.0,179.84401252537543
355.0,177.4150222454316,180.81334878525567,0.0,179.98941296435746
356.0,173.47246619553312,180.68646515497983,0.0,180.0939707929508
357.0,176.28418916896572,179.4751862982108,1.0,180.0011531187398
358.0,179.03342940965538,179.47936362582087,1.0,179.92288469480195
359.0,180.79780118304686,179.64139606664662,0.8614338640409074,179.88066140057867
360.0,183.4467389345347,179.4752029320706,1.0,179.81984263030247
361.0,180.48639377617607,179.98686142886433,0.16743735602799065,179.84489545008674
362.0,178.28850834199542,180.13789530382746,0.27193849746015814,179.88884542814785
363.0,180.99320815661775,179.7989052737083,1.0,179.87535440498192
364.0,177.85731660326385,180.13090951491978,0.13292696085230715,179.9136876714726
365.0,180.57159845652467,179.60992896522558,1.0,179.86812386553552
366.0,179.20189521617294,179.92431440681685,0.39644984213565465,179.87655244672771
367.0,181.11273666001148,179.80822828799307,0.8839658672963554,179.86630382291753
368.0,180.12657538027838,179.9761230782096,0.4557849302400724,179.88277671121133
369.0,182.79042926071665,179.69904392136104,1.0,179.85521679273378
370.0,178.7284197215896,180.42775333357957,0.0,179.94109727386063
371.0,181.4233437277765,179.91145948316162,1.0,179.93665160525578
372.0,177.88129814821627,180.20652396071068,0.07343764215855114,179.97713245857403
373.0,175.1090744349712,180.27001635748113,0.17710410350729322,180.0210650434101
374.0,177.88442833641628,179.382109629042,1.0,179.92522173125488
375.0,180.59810770671814,179.2327622475607,1.0,179.82135280870074
376.0,179.42894555559857,179.75817231597117,0.42661936968779174,179.81187573479133
377.0,181.7674956525589,179.71010547357878,0.9488789997293747,179.79661019560945
378.0,183.27101165667875,179.7520878317722,0.831419052793176,179.78993184103388
379.0,179.6895316422919,180.1462867489413,0.07368137003090391,179.84338507721998
380.0,179.3298997890417,180.06762063077326,0.5450203274867726,179.87702041025295
381.0,179.2924590080944,180.01246459356972,0.5921502154880448,179.89733703775048
382.0,181.08433646530497,179.85471852685944,0.866423148608568,179.89094426111683
383.0,183.72690676607598,179.5744876672262,1.0,179.84347577203323
384.0,182.36485080021097,179.90958615523704,0.40811462767383316,179.8533923295138
385.0,178.31229856020627,180.35136210711167,0.0,179.92808779615348
386.0,175.90376453797765,180.30479815091908,0.2330942251997266,179.9845943493683
387.0,177.23380709103174,180.00969658283785,0.7858522647513735,179.98835968438874
388.0,179.96194471123104,179.37052147829283,1.0,179.89568395347436
389.0,178.65745074017582,179.82852724700342,0.4041990533791533,179.88561044750372
390.0,181.35395183483857,179.70931974854483,1.0,179.85916684265987
391.0,178.36324372814843,180.08731940931105,0.15590695677927496,179.89338972765756
392.0,181.0662827564118,179.52287476553576,1.0,179.8378124833393
393.0,180.4106558618602,179.839692845209,0.5052102416719675,179.83809453761975
394.0,183.06819684270775,179.55936570831005,1.0,179.7962852132233
395.0,185.04481516038697,179.65696466131112,0.9067200704609093,179.77538713043648
396.0,180.93270815682283,180.21672298131472,0.0,179.84158750806822
397.0,176.91198130889342,180.67752006962735,0.0,179.96697739230208
398.0,174.01985760990397,180.47489348149625,0.1558880495145587,180.04316480568122
399.0,176.8194163296839,179.5912981529542,1.0,179.97538480777214
400.0,175.84799101434973,179.89753129803782,0.4436842571321574,179.963706781312
401.0,178.60692454736417,179.33329330353004,1.0,179.8691447596447
402.0,181.30454844631163,179.13571843944973,1.0,179.75913081161548
403.0,183.9422251475047,179.44189479938595,1.0,179.71154540978105
404.0,183.4584842829008,179.79140819284757,0.5405796208010969,179.72352482724102
405.0,182.15777473273394,179.99335884794434,0.4164218484179742,179.7639999303465
406.0,181.38035896162722,180.03669299584536,0.4905802167764381,179.80490389017135
407.0,177.34968431803551,180.54704382290558,0.0,179.91622488008147
408.0,180.07524688874582,179.93256030563415,1.0,179.91867519391437
409.0,182.33817955456738,179.78991913454618,0.9396907228357202,179.89936178500915
410.0,178.28622000891033,180.20528524208476,0.0,179.9452503035705
411.0,177.67572749415314,180.1163343654814,0.5027135228161217,179.97091291285716
412.0,176.2676268851223,180.14019020736157,0.3810373336258852,179.99630450703282
413.0,179.01723517656401,179.49473024281053,1.0,179.92106836739947
414.0,181.70574106152927,179.443729737298,1.0,179.84946757288424
415.0,180.46399621249978,179.85342077703876,0.41942407618400807,179.8500605535074
416.0,183.02212858168258,179.73700591714606,0.9852665094190866,179.8331023580532
417.0,178.9549701687563,180.26900346577403,0.0,179.89848752421133
418.0,176.66004096933796,180.26706302345693,0.25227718731643733,179.95377384909818
419.0,179.40092894779713,179.45154294109207,1.0,179.87843921289726
420.0,182.08090830451275,179.4532551008949,1.0,179.8146615960969
421.0,181.86111030857106,179.78209796074415,0.57396666162379,179.80977705079397
422.0,180.10617810883716,180.02884801976387,0.34296387106848547,179.84263769613946
423.0,178.7634766456273,180.09856992587328,0.3989487075479792,179.88102753059954
424.0,181.4576216090578,179.82579170069587,1.0,179.872742156114
425.0,180.34139803420703,179.9981278720648,0.437425202469243,179.89155001350662
426.0,179.82633531641164,180.02359965243363,0.5238785857780465,179.91135745934568
427.0,180.63393956525576,179.9360859207388,0.7205617550479899,179.91506672855465
428.0,180.0436811746112,180.00452883063477,0.5135743732875051,179.92848604386666
429.0,179.2941342985091,180.04439247028404,0.4877135725000574,179.94587200782928
430.0,179.29423328324305,180.00531062512331,0.5976619620384525,179.9547878004234
431.0,175.30991698805985,180.3571572446697,0.0,180.01514321706034
432.0,178.08080772165852,179.68139612354207,1.0,179.9650811530326
433.0,180.79012310562166,179.45927146464007,1.0,179.88920969977372
434.0,178.61115430957582,179.93287028885712,0.2757884242785291,179.89575878813622
435.0,181.30868421380748,179.4530321230676,1.0,179.82934978837594
436.0,182.35019844680497,179.6910634223131,0.7605894156623139,179.8086068334665
437.0,184.9646384813204,179.6238557133725,1.0,179.78089416545242
438.0,180.8543131817355,180.2435242371781,0.0,179.85028867621128
439.0,178.33849956321913,180.27209618007356,0.22547566782832867,179.91355980179063
440.0,178.89671039315908,180.05660014484658,0.6781932897017248,179.93501585324904
441.0,177.2386797967891,180.13434602608496,0.3476177785217015,179.96491537917444
442.0,179.96670913463825,179.58070063439882,1.0,179.9072831674581
443.0,182.63411559831295,179.3905994094699,1.0,179.82978060375987
444.0,178.57557969612822,180.06717143058168,0.0,179.86538922778314
445.0,181.27390014732538,179.76480424013397,1.0,179.85030147963576
446.0,182.14489417779117,179.8257315190729,0.7348954383942851,179.84661598555132
447.0,178.3041094095458,180.20003384538055,0.03103193202249649,179.89962866452572
448.0,176.0811819964095,180.23249186358169,0.26090791939470764,179.94955814438413
449.0,178.8349335076004,179.72544392114196,1.0,179.9159410108978
450.0,176.51310175536915,180.04870199256266,0.24784168219064612,179.93585515814752
451.0,179.25725504969427,179.42970962104224,1.0,179.8599333275817
452.0,178.76347765403065,179.7946537886568,0.523457574149437,179.85014139674297
453.0,181.4576225950522,179.56442568338585,1.0,179.8072840397394
454.0,180.24178765961503,179.90002698003465,0.4224835016679338,179.82119548078367
455.0,182.90308126717915,179.6195626375595,1.0,179.79095055430005
456.0,185.5052350167974,179.3679563512971,1.0,179.72750142384962
457.0,181.38289646086858,180.21806942861815,0.0,179.8010866245649
458.0,177.9776850467284,180.32258639365077,0.09382794274853268,179.8793115899278
459.0,178.68981693680004,180.06066117248002,0.7000787336665086,179.9065140273106
460.0,177.82272609908802,180.07242168525946,0.465569097465862,179.9314001760029
461.0,180.53777663021938,179.41596578019065,1.0,179.85408501663107
462.0,176.52582603843672,180.28756648358234,0.0,179.91910723667377
463.0,179.2696965709159,179.78232457568083,1.0,179.8985898375248
464.0,181.95259220267332,179.57723337444259,1.0,179.85038636806246
465.0,182.8666726432392,179.74259877366057,0.7436207067604624,179.8342182289022
466.0,183.79018332158017,179.80842989912247,0.7480821772286089,179.83034997943525
467.0,181.6570372386996,180.0618538831039,0.29266203197317964,179.86507556498555
468.0,177.6202141889507,180.5159514990377,0.0,179.96270695509335
469.0,180.3397649847518,179.81296120986644,1.0,179.94024509330933
470.0,176.3322146517573,180.26041610233474,0.0,179.98827074466317
471.0,177.29658669278558,180.02253906225613,0.7324298549934309,179.9934109923021
472.0,180.0233292107237,179.65302922629016,1.0,179.94235372740033
473.0,177.19188186742525,180.0575434733312,0.17536066254098037,179.95963218928995
474.0,179.92095115926026,179.4699299291841,1.0,179.88617685027407
475.0,180.24922896610323,179.7499950478356,0.6489781748906471,179.8657495799083
476.0,182.21645642659988,179.741141328311,0.8959148822948396,179.8470583421687
477.0,180.1833541510954,180.03400580026442,0.3024228467629917,179.87510046088306
478.0,182.84594628107104,179.63421603150425,1.0,179.83896779647625
479.0,178.78270303038056,180.23947463886637,0.0,179.89904382283476
480.0,181.47642074081654,179.85331534147016,1.0,179.89218455063008
481.0,177.44361139102062,180.47544733161675,0.0,179.97967396777807
482.0,176.49384326234085,180.25191374485232,0.4490134853347689,180.0205099343392
483.0,176.77885508178124,180.07076709001848,0.631064583790531,180.0280485076911
484.0,179.51710274663054,179.42453362899397,1.0,179.93752127588652
485.0,181.00538571206175,179.64805043754325,0.8216327873034498,179.89410065013502
486.0,183.55279429612375,179.6589527405511,0.9854625733161722,179.85882846369742
487.0,186.1405099784321,179.5640271825251,1.0,179.81460827152156
488.0,182.0040542011336,180.18612898290323,0.0,179.8703363782288
489.0,177.95951966333064,180.60649261608074,0.0,179.9807598139066
490.0,178.64920169796633,180.1848866797897,0.6966507040731211,180.01137884378906
491.0,181.3458861046782,179.85112279346686,1.0,179.98734043624074
492.0,177.31597752457424,180.23885028154524,0.0,180.02506691303643
493.0,180.04228913513924,179.82794018176799,1.0,179.99549790334615
494.0,179.29529459091026,179.97796551190737,0.4880917821494518,179.9928680446303
495.0,181.97762137777892,179.69327343817906,1.0,179.94792885366263
496.0,178.5002376599762,180.1244083651011,0.08498451358885406,179.9744007803784
497.0,179.64771038329016,179.95623142803547,0.7671217006970147,179.97167537752696
498.0,180.67454823905592,179.89712456805592,0.7528513796424983,179.9604927561063
499.0,179.0297858438205,180.07142618461674,0.3555341348448724,179.97713277038287
500.0,181.7180128250689,179.55193755546136,1.0,179.91335348814462
501.0,177.6798347622896,180.34569566315986,0.0,179.97820481439692
502.0,180.39806065646096,179.82654220668252,1.0,179.95545542323975
503.0,177.95123335612556,180.1027811094926,0.23430277380456177,179.9775542761777
504.0,180.6634281704339,179.44980869864887,1.0,179.8983924395484
505.0,183.31535198886868,179.42446538529538,1.0,179.82730338141045
506.0,179.62932668992892,180.02973077090337,0.058147378455262855,179.8576674898344
507.0,177.89771925674674,180.13009798090394,0.33902330732243796,179.89853206349483
508.0,175.26139162872906,180.2385989028767,0.19754325331983524,179.9495420894021
509.0,178.0333607036462,179.40790521861558,1.0,179.8682965587841
510.0,180.7437304657874,179.3843381901815,1.0,179.79570280349373
511.0,181.5466462830858,179.68080037244945,0.7229164741473875,179.77846743883708
512.0,182.69337673015067,179.77451579712408,0.7771650546700181,179.77787469258013
513.0,185.30019058059176,179.69844924217026,1.0,179.76596087501866
514.0,181.18240856768972,180.20461264645834,0.0,179.83175864073462
515.0,178.2267434154049,180.28943310845332,0.1605915890495795,179.90040981089243
516.0,175.62035875129538,180.29910036160922,0.20313144510158568,179.96021339349997
517.0,176.68753936752668,180.03147905077842,0.7454782882723442,179.97090324209174
518.0,179.15579558089505,179.8193774478222,0.959196896563676,179.9481743729513
519.0,179.31918812150974,179.90424536806003,0.6216948663618548,179.94158502221762
520.0,182.00098394103173,179.3763383175985,1.0,179.85679801652475
521.0,182.310830739989,179.71416204553924,0.6531469663136973,179.83540262087695
522.0,182.92654718356613,179.82755930894797,0.7000602356698646,179.83422612408762
523.0,178.8615128017091,180.54977996025787,0.0,179.94155919951316
524.0,181.55347918389333,179.82771653030252,1.0,179.92448279913157
525.0,182.22108459653575,179.87163532947216,0.7053190758426746,179.91655567868264
526.0,178.17172716105716,180.28862829228657,0.0,179.9723665707232
527.0,174.212355446367,180.42733767356572,0.0,180.0406122361496
528.0,177.00763643644774,179.7634169532016,1.0,179.9990329437074
529.0,179.74080007119335,179.5430538613806,1.0,179.93063608135836
530.0,182.41322673627795,179.28976132812835,1.0,179.83450486837387
531.0,183.89845447390866,179.59772144716936,0.8308282497655335,179.7989873551932
532.0,180.70976626102168,180.068290902487,0.13469161631331528,179.83938288728726
533.0,182.6846737349367,179.87580543411755,0.8986020086239893,179.8448462693118
534.0,178.62501431860477,180.48715896047727,0.0,179.9411931729866
535.0,181.32223622263578,179.94532457567053,1.0,179.9418128833892
536.0,177.2928531954661,180.3819560867747,0.0,180.00783436389702
537.0,180.0196786800113,179.73812657219347,1.0,179.9673781951415
538.0,178.23465429028963,180.02661855221905,0.332311937141783,179.97626424870313
539.0,180.94055086161652,179.5402915187746,1.0,179.91086833921383
540.0,181.6149505911892,179.76385439102484,0.7042951289746259,179.88881624698547
541.0,180.04221941055198,180.02048550360533,0.369473491541715,179.90856663547845
542.0,179.76924851368625,180.0279971742466,0.5591950968386487,179.92648121629367
543.0,180.55897065442363,179.952232491265,0.7176891494895598,179.93034390753937
544.0,176.54654908432533,180.4110023039037,0.0,180.002442666994
545.0,174.48274445047429,180.3216041751857,0.2789178018700943,180.05031689322277
546.0,177.2720167960193,179.46767581371392,1.0,179.96292073129644
547.0,179.9993053116633,179.22128662421375,1.0,179.85167561523403
548.0,182.66598741584858,179.43204942715295,1.0,179.78873168702188
549.0,183.91442768150068,179.67465900310575,0.7961526645673103,179.77162078443445
550.0,180.67717387685687,180.10499916334948,0.12746002157509845,179.8216275412717
551.0,183.32879223514894,179.66994766036723,1.0,179.79887555913604
552.0,183.90415486478167,179.81994500273325,0.6974003685620732,179.8020359756756
553.0,179.81739586778653,180.3629081197651,0.0,179.88616679728904
554.0,177.5658805427716,180.31187857462368,0.2616640208070487,179.95002356388923
555.0,176.79018455242863,180.18270577426574,0.4755318699244583,179.9849258954457
556.0,176.37646881312665,180.10413956628224,0.5272432542794638,180.0028079460712
557.0,179.12365839505716,179.69859949710815,1.0,179.95717667872674
558.0,181.80979931961144,179.58550308810803,1.0,179.90142564013394
559.0,182.67016662262176,179.76369924656808,0.7350877598502541,179.88076668109906
560.0,181.57973269130923,179.98005332378347,0.44533546571185756,179.89565967750173
561.0,182.8364849236369,179.89343899235854,0.7937786104868463,179.89532657473023
562.0,178.77345192533386,180.3274859078999,0.0,179.96015047470567
563.0,178.0765937718621,180.18179201935646,0.4913827833970141,179.9933967064033
564.0,176.8421345695247,180.16336234936614,0.40841976555559534,180.01889155284775
565.0,179.57897602353526,179.7498895727648,1.0,179.9785412558353
566.0,178.50720809109654,179.97613421293823,0.43783139687930883,179.97818019940073
567.0,181.2070479112944,179.6893641589547,1.0,179.9348577933338
568.0,183.84689129104342,179.47502996812003,1.0,179.86588361955177
569.0,179.76140481790912,180.086275004664,0.0,179.89894232731862
570.0,175.7667069330667,180.42099906246244,0.0,179.9772508375902
571.0,178.52744677899855,179.72270905518874,1.0,179.93906957022998
572.0,181.22683685057638,179.67672217642675,1.0,179.8997174611595
573.0,180.2352039797519,179.93872345551506,0.45534452554491617,179.90556836031283
574.0,181.7239041020931,179.86054625159835,0.8240890316170157,179.89881504400566
575.0,183.36985890231202,179.8168317844755,0.852639567039817,179.88651755507613
576.0,179.2949731489273,180.36831751764714,0.0,179.9587875494618
577.0,177.67432410158276,180.26632059179957,0.35455255339474157,180.00491750581244
578.0,179.74060928417876,179.95218102570354,0.9021905243946753,179.9970070337961
579.0,180.8299638109307,179.89737741565918,0.762538543293386,179.98206259107556
580.0,179.88261010957848,180.02613217611022,0.46066349083360364,179.98867302883076
581.0,182.18381923790898,179.8371988028713,0.9447900696148345,179.96595189493686
582.0,178.135289921511,180.32956152992213,0.0,180.02049334018466
583.0,180.84339458992187,179.85849983614287,1.0,179.9961943145784
584.0,181.90227259622617,179.86308850848425,0.7616430162453856,179.97622844366427
585.0,177.8599998718656,180.2771506596797,0.0,180.0213667760666
586.0,177.832206732061,180.11586286969035,0.5886976952688616,180.03554119011017
587.0,179.9736624527355,179.88980238718648,0.9139923805413815,180.0136803696716
588.0,182.64091439823028,179.38720814445412,1.0,179.91970953588896
589.0,178.58222741160293,180.21531664848962,0.0,179.96405060277905
590.0,176.98563614532648,180.20662117649664,0.3557854014305434,180.00043618883672
591.0,176.46489931631137,180.12387612905806,0.5118415961321557,180.01895217986993
592.0,179.2101237759489,179.3747082223692,1.0,179.92231558624482
593.0,181.89434324759446,179.34861191404661,1.0,179.8362600354151
594.0,184.5189133976479,179.44528413964886,1.0,179.77761365105016
595.0,182.8882588031251,179.89111849964834,0.3704648554804037,179.7946393783399
596.0,178.82407527416677,180.27230144751186,0.0,179.86628868871568
597.0,181.51687360140753,179.87938634980827,1.0,179.8682533378796
598.0,177.48316529915402,180.34502952601906,0.0,179.9397697661005
599.0,176.8092967395299,180.18909301822757,0.49053026705356384,179.97716825391956
600.0,176.52203153433288,179.91222403742077,0.921274541685545,179.96742662144476
601.0,176.7659863891255,179.57294264322334,1.0,179.90825402471157
602.0,177.0045200249227,179.2523570991658,1.0,179.8098694858797
603.0,177.23775291325774,179.44178481623513,1.0,179.75465678543299
604.0,177.46580284851868,179.03299101519417,1.0,179.64640691989715
605.0,177.6887850074405,179.013260930836,1.0,179.55143502153797
606.0,177.90681200727514,178.69637361118595,1.0,179.42317580998517
607.0,178.119993962669,178.7009797376827,1.0,179.3148463991398
608.0,178.32843854127637,178.68154731267254,1.0,179.21985153616973
609.0,178.5322510181369,178.6795095875325,1.0,179.13880024387413
610.0,178.73153432884496,178.99571875955303,1.0,179.11733802122595
611.0,178.92638912153728,178.91830916125193,1.0,179.08748369222985
612.0,179.11691380772535,178.96717324637757,1.0,179.069437125352
613.0,179.30320461199813,178.6468855213276,1.0,179.00605438474835
614.0,179.4853556206204,178.77378608530688,1.0,178.9712141398321
615.0,179.66345882905105,178.60891056627312,1.0,178.91686860379826
616.0,179.83760418840546,178.8600184524541,1.0,178.90834108109667
617.0,180.00787965088534,179.15368630715736,1.0,178.94514286500578
618.0,180.174371214199,178.746187256191,1.0,178.91529952368356
619.0,177.31269332380904,179.5272616104335,0.5463295538221711,179.00709383669607
620.0,177.53907791661328,179.1354675267665,1.0,179.02634989020663
621.0,177.76043174068855,178.91508535238822,1.0,179.00966020953388
622.0,177.97686659089547,178.93099224759732,1.0,178.9978600152434
623.0,178.18849177776445,178.54691543556763,1.0,178.93021832829203
624.0,178.39541418270304,178.58021555775278,1.0,178.87771791271115
625.0,178.59773831197631,178.69269821346413,1.0,178.84996495782408
626.0,178.79556634948796,178.663976350241,1.0,178.82206666668662
627.0,178.9889982083882,178.87479274258223,1.0,178.82997557807096
628.0,179.17813158153513,179.2370213453354,1.0,178.89103244316064
629.0,179.36306199083435,178.85393630091636,1.0,178.885468021824
630.0,179.5438828354825,178.65559808561684,1.0,178.85098753139295
631.0,179.72068543913844,178.55806064646404,1.0,178.80704849865361
632.0,179.89355909604646,178.82109006159712,1.0,178.80915473309514
633.0,180.0625911161343,178.96274173856332,1.0,178.8321927839154
634.0,180.2278668691091,178.8267502958817,1.0,178.83137641071033
635.0,180.38946982757335,179.17549501926857,1.0,178.88299420199408
636.0,180.54748160918282,178.9397419679453,1.0,178.89150636688674
637.0,180.70198201786766,179.2753092631688,1.0,178.94907680132906
638.0,180.85304908413727,179.1957206363294,1.0,178.9860733765791
639.0,181.00075910448976,179.48350306259755,1.0,179.06068782948188
640.0,181.14518667994554,179.26609900357045,1.0,179.09149950559518
641.0,174.61973808705787,180.09730845076018,0.0,179.24237084736993
642.0,174.9059661295677,179.24904496020764,1.0,179.2433719642956
643.0,175.18583354891064,179.07949451526216,1.0,179.21879034694058
644.0,175.45948169226818,178.61745554593878,1.0,179.1285901267903
645.0,175.72704876577333,178.64376396534374,1.0,179.05586620257333
646.0,175.9886699043117,178.38614017879436,1.0,178.95540729900648
647.0,176.24447723977144,178.35346120838986,1.0,178.865115385414
648.0,176.4945999677765,177.81399816676765,1.0,178.70744780261705
649.0,176.73916441293704,178.07000995154436,1.0,178.61183212495615
650.0,176.97829409264955,177.8221460926544,1.0,178.4933792201109
651.0,179.71210977947956,177.87298206812352,1.0,178.40031964731278
652.0,182.38517400660223,178.14422695362705,1.0,178.3619057432599
653.0,184.9988368064555,178.1806100204127,1.0,178.33471138483281
654.0,187.5544182107565,179.04766224880123,1.0,178.44165401442808
655.0,187.56636301254224,179.6114156705315,0.6269731143037183,178.6171182628436
656.0,186.26019893925584,179.93639138302083,0.42929659904884937,178.8150092308702
657.0,182.12108340727238,180.35118309112252,0.0,179.04543530990804
658.0,178.0739482204441,180.4570482639238,0.0,179.2571772530104
659.0,177.7997166561272,180.21096056784674,0.5524450927539482,179.40024475023586
660.0,177.19486346446894,180.13641501393437,0.5019377434383506,179.51067028979065
661.0,175.08683308034125,180.2181615549083,0.2744449872624096,179.6167939795583
662.0,177.86268123411145,179.5498649113444,1.0,179.60675461932624
663.0,180.57684387335343,179.5004691175153,1.0,179.59081179405462
664.0,183.23069178727891,179.34046466178364,1.0,179.55325972421394
665.0,181.70067307646624,179.84789190562182,0.3812661660023616,179.5974545514251
666.0,182.17414533777404,179.90410991230965,0.6766897494510555,179.6434528555578
667.0,182.9753200679891,179.90220822711012,0.7274233606581709,179.68226616129067
668.0,178.909201844256,180.6486397118399,0.0,179.82722219387304
669.0,179.67310892777266,180.2061948444691,0.7109500686750188,179.88406809146244
670.0,179.2804817905719,180.1135483025763,0.5400162925124653,179.91849012312952
671.0,181.9631377507814,179.7596619353584,1.0,179.89466589496385
672.0,180.121218092732,180.03942115177293,0.3302558437951899,179.91637918348522
673.0,177.3174506843903,180.22429038188852,0.1798389490578558,179.96256586324571
674.0,178.4178533519407,180.0099982811123,0.7561185690805252,179.9696807259257
675.0,180.19938195135566,179.87263662521391,0.8619554677520478,179.95512411081896
676.0,179.2164974560355,180.02183537685875,0.4532319322064984,179.96513080072492
677.0,181.90057529034584,179.59050400025185,1.0,179.90893678065396
678.0,177.8583402838937,180.21240154025634,0.0,179.95445649459433
679.0,180.57259938869606,179.57992120169516,1.0,179.89827620065944
680.0,177.63234261816908,180.0504258406233,0.16087014904993796,179.921098646654
681.0,180.35162389332086,179.58132488392056,1.0,179.870132582244
682.0,181.02936143370457,179.78218419077965,0.7028327107019567,179.85694032352433
683.0,180.32172451268943,179.96564498570385,0.49728566662674667,179.87324602285125
684.0,182.98124174574076,179.78696868132508,1.0,179.86030442162232
685.0,183.71584978299887,179.8575616596021,0.7201286780745199,179.8598930073193
686.0,179.63327534337668,180.36409959620093,0.0,179.93552399565155
687.0,176.0861653999217,180.4110126911979,0.06671109295967435,180.0068472999835
688.0,178.83980616881232,179.8036814516456,1.0,179.9763724227328
689.0,178.54406655742218,179.94486644266848,0.5517717455208555,179.97164652572314
690.0,180.13111229013217,179.8620043936856,0.8332037484312395,179.95520020591752
691.0,179.84968707380756,179.96668298915728,0.5582232585184176,179.9569226234035
692.0,180.69308014854676,179.92540801736968,0.7260079181235722,179.95219543249843
693.0,182.6702839645671,179.82421442369701,0.8988908395648741,179.93299828117821
694.0,179.81916653866494,180.14115419770175,0.1812333326632352,179.96422166865673
695.0,181.87960243913173,179.90526284178463,0.9084626068655695,179.95537784462593
696.0,182.26735570872742,179.93358756128615,0.6644283319031274,179.95210930212497
697.0,178.21697002631126,180.47762965261546,0.0,180.03093735469855
698.0,177.81507068487673,180.22560655326777,0.5337716655391933,180.06013773448393
699.0,180.19986046718296,179.91729253612263,0.9504353696288564,180.03871095472974
700.0,180.07275599652226,179.97859836495041,0.5816005309581709,180.02969406626283
701.0,178.49880922907053,180.11073832626266,0.36415050487064893,180.04185070526282
702.0,176.1277607484576,180.22376255830403,0.23933875867162957,180.069137483219
703.0,178.88047717626966,179.77908728545984,1.0,180.02562995355512
704.0,181.57202212790813,179.5398297104418,1.0,179.95275991708812
705.0,183.3726036038003,179.68059885518787,0.8753272951435167,179.9119357578031
706.0,180.14569700563385,180.10986846486554,0.127206022287703,179.94162566386245
707.0,182.6979845892126,179.85496527006865,0.9833287942222614,179.92862660479338
708.0,181.5732864607825,180.02428129496164,0.44028856269952654,179.94297480831864
709.0,178.07544877705925,180.269175909353,0.08056863564412023,179.9919049734738
710.0,176.62213302375437,180.21744984138718,0.37558746626113426,180.0257367036608
711.0,179.36386340100427,179.88216398448338,1.0,180.00420079578421
712.0,182.0446664365375,179.58697148133294,1.0,179.94161639861653
713.0,178.00929463554908,180.13030387226695,0.0015097846401960213,179.96991951966407
714.0,180.72019919920353,179.84316893676342,1.0,179.95090693222897
715.0,180.9194448201957,179.91821187444174,0.6322875071461699,179.9460026735609
716.0,180.22790555849895,180.01456023730668,0.49933392681280286,179.95628630812277
717.0,176.2228409905323,180.43940263742087,0.0,180.0287537575175
718.0,178.97344452407603,179.97268843020248,1.0,180.02034395842026
719.0,181.66210010861886,179.78819760393057,0.9998764860950109,179.9855220052468
720.0,181.52839134505626,179.92237376919684,0.5854840191610082,179.97604976983928
721.0,179.46558288672813,180.11975203995053,0.2956733690676356,179.99760511035595
722.0,181.2303237143253,179.91591600584636,0.862929733762001,179.98535174467952
723.0,180.7451047357306,180.00018548807566,0.531318232258546,179.98757680618894
724.0,178.66979693581024,180.1524342978856,0.29118751246438146,180.01230542994344
725.0,181.36602367057,179.75288218501436,1.0,179.97339194320406
726.0,177.3356675890018,180.32701730927963,0.0,180.0264357481154
727.0,178.5210741326803,180.04385727311072,0.7689298735151174,180.02904897686471
728.0,177.09577992036006,180.12318825521808,0.3812761152608994,180.04316986861772
729.0,179.82698481101872,179.73488175620952,1.0,179.9969266517565
730.0,179.86980118062064,179.8884289475408,0.6058457381436829,179.98065199612415
731.0,182.53936115438464,179.54244559052873,1.0,179.91492103528483
732.0,182.22718481353803,179.83520624486454,0.561638086054292,179.9029638167218
733.0,179.64692877692883,180.12171958186383,0.22038554388707832,179.9357771814931
734.0,182.0119598604603,179.87101862314918,0.9535777584528193,179.92606339774153
735.0,177.96724964133898,180.30067176448603,0.0,179.98225465275323
736.0,180.53903104354032,179.9305868193305,0.9789913758013329,179.9745044777398
737.0,178.09178054040188,180.15316230874433,0.23470919467437057,180.00130315239048
738.0,180.8008520839485,179.76917506668002,1.0,179.96648393953393
739.0,177.89816577184996,180.12110784649056,0.16726656013171182,179.9896775255774
740.0,180.61153986580885,179.79512882321342,1.0,179.9604952202228
741.0,180.68325149797226,179.909628736285,0.6127952110438764,179.95286524763213
742.0,183.33473479801734,179.76036117249933,1.0,179.92398963636222
743.0,185.09462956562342,179.76690027982258,0.8750999978009696,179.90042623288127
744.0,180.98141557527623,180.59603952892155,0.0,180.00476822728731
745.0,177.10166066154622,180.52283915563984,0.021308148191420795,180.0824788665402
746.0,173.16606820240074,180.56079578750715,0.0,180.15422640468523
747.0,173.53287185473803,180.20126271838993,0.6322407751919314,180.16128185174094
748.0,176.3432524801883,179.2957916075169,1.0,180.03145831510733
749.0,179.0911802028508,178.96280337778137,1.0,179.87116007450842
750.0,181.77804286500967,179.15030286100065,1.0,179.76303149248227
751.0,184.40519746800945,179.4183846254683,1.0,179.7113344624302
752.0,183.45033339592004,179.82642717900697,0.4714543807466225,179.7285983699167
753.0,179.37365932045515,180.25339624213035,0.0,179.80731805074876
754.0,182.05424466888948,179.65748499646256,1.0,179.78484309260583
755.0,180.54033659101677,179.96823156683527,0.3797612705487261,179.81235136374025
756.0,180.35848782511565,179.99519695714483,0.5745238070848893,179.83977820275095
757.0,178.91019228406248,180.10026703235798,0.38395062825907644,179.878851527192
758.0,178.1162307901295,180.09468696515938,0.477273083523595,179.91122684288712
759.0,178.24366680714658,180.0244291030844,0.6128361718529959,179.92820718191672
760.0,180.9493631003211,179.6979181114027,1.0,179.8936638213396
761.0,178.7721955093053,180.0335098465352,0.2765894050153667,179.91464072511894
762.0,180.8958344323267,179.85031154919514,0.9144531568175609,179.90499134873036
763.0,183.54259366716389,179.62384132548544,1.0,179.86281884524362
764.0,180.30620828688393,180.07969831675882,0.12635083851521872,179.89535076597087
765.0,178.72092602095654,180.14218054982726,0.36322835440050316,179.93237523354935
766.0,178.19386405292613,180.08955352259628,0.516677124865293,179.9559519769064
767.0,177.03879208650767,180.11532861207561,0.4207187518803165,179.97985847218177
768.0,179.63163639455456,179.8479901457688,0.9790559531620614,179.96007822321982
769.0,182.30648891912003,179.64682626871192,1.0,179.91309043004364
770.0,181.20717544683288,179.92942727448252,0.4427912755539932,179.9155409567095
771.0,183.8470159924588,179.70397621659583,1.0,179.88380624569245
772.0,179.76152674818195,180.26327550509697,0.0,179.94072663460312
773.0,179.52977345945735,180.11404114741345,0.5644420958519164,179.96672381152467
774.0,175.54022293813608,180.39276544377086,0.0,180.0306300563616
775.0,176.33157490226617,180.09518785670195,0.703836871079966,180.04031372641265
776.0,179.07976212666026,179.45064596175231,1.0,179.9518635617136
777.0,180.67591573482736,179.6555254540702,0.8363555816472661,179.90741284556708
778.0,182.58347645918218,179.7143182784848,0.8883871611026477,179.87844866050474
779.0,184.9881052590717,179.70037231159566,0.9693059081807007,179.85173720816837
780.0,180.87725847553676,180.3129344471373,0.0,179.92091679401372
781.0,180.9438088263107,180.11684986077202,0.6129067475345432,179.95030675402748
782.0,180.16145696456047,180.10096314347913,0.48579325015850316,179.97290521244523
783.0,176.15786903201467,180.43043939179384,0.0,180.04153533934752
784.0,178.90991638685878,179.8222707710276,1.0,180.00864565409952
785.0,181.2231152711823,179.75678715084976,0.9433462206047228,179.97086687861207
786.0,177.1959349318227,180.2649424659347,0.0,180.01497821671046
787.0,179.7482783210247,179.9195808185199,0.9735046248197097,180.0006686069819
788.0,182.42053880277973,179.7304048525,1.0,179.96012904380962
789.0,183.05537297662298,179.84244682295017,0.7032935887524173,179.9424767106807
790.0,178.9874757993647,180.34725702171545,0.0,180.0031937573359
791.0,177.72353254141817,180.2349680888049,0.40703343063923914,180.03795990705626
792.0,176.4571438541101,180.19043811380135,0.40245347204184845,180.060831638068
793.0,179.20254065735207,179.31708774927358,1.0,179.94927005474884
794.0,178.83356154792048,179.75595568922924,0.5419949357764369,179.9202728999209
795.0,177.46978550887934,180.00666099021248,0.3915454659702289,179.93323111346461
796.0,180.19267916423757,179.35505591961902,1.0,179.8465048343878
797.0,182.85506407169896,179.18492558105646,1.0,179.7472679463881
798.0,184.60066845252769,179.5429137735117,0.8713575373633069,179.71661482045664
799.0,181.89209006171248,180.01709249280435,0.20904880288614552,179.7616864713088
800.0,177.85004361589665,180.356163504654,0.0,179.85085802631056
801.0,179.51098146330196,180.02567297899913,0.8419741558304497,179.87708026921385
802.0,181.48262094698146,179.86871872898112,0.8941158607629296,179.87582603817896
803.0,177.46295578878062,180.24950377357308,0.001992296093145607,179.93187769848808
804.0,179.6635643404713,179.94257099514687,0.9216344687162076,179.9334816929869
805.0,181.66902056520553,179.83244220532538,0.899696981511703,179.91832576983768
806.0,182.9250499870126,179.8428270025496,0.7939678151550822,179.90700095474446
807.0,178.86004887619012,180.45721255891783,0.0,179.98953269537046
808.0,178.06714833105974,180.2486005059293,0.4772650811510756,180.02839286695428
809.0,180.7767672570362,179.79028711373917,1.0,179.992677003972
810.0,176.7595057624354,180.36732988037573,0.0,180.04887493543256
811.0,179.49818341215905,179.88090617313853,1.0,180.02367962108846
812.0,182.17600155855553,179.46808429729538,1.0,179.9403403225195
813.0,179.63595389156467,179.97867192833257,0.22624618847989159,179.94609006339147
814.0,175.64404380508546,180.48529566816043,0.0,180.0269709041068
815.0,178.40750949830579,179.667534993247,1.0,179.97305551747783
816.0,181.10956484278788,179.6230062742565,1.0,179.92054813099463
817.0,183.39882013157347,179.68338652669314,0.9470868427938013,179.8849738903494
818.0,181.13718230222102,180.04459424361073,0.27208372603570974,179.9089169433386
819.0,178.89107351746134,180.18978420635204,0.26687428996011586,179.9510470327906
820.0,174.91571632818443,180.41724869064373,0.0,180.02097728146856
821.0,177.69536707644698,179.5066698852845,1.0,179.94383117204097
822.0,180.4132478080815,179.4587790775176,1.0,179.87107335786246
823.0,181.90404289796734,179.67960089782832,0.82499675617648,179.84235248885736
824.0,182.2602919856531,179.85201576003413,0.6597841728127583,179.84380197953388
825.0,181.62564096419192,179.99475788576535,0.512336653399666,179.86644536546862
826.0,184.08549802870797,179.8225983973386,0.974397362891383,179.85986832024912
827.0,185.90629836982788,179.79956841034496,0.8867383779303469,179.8508233337635
828.0,181.77504729494282,180.8598374329318,0.0,180.00217544863872
829.0,178.5737148668576,180.58908389455007,0.12571696010369648,180.0902117155254
830.0,175.7806794773632,180.45098589638602,0.1762904077986968,180.1443278426545
831.0,171.87444215564403,180.55474994234342,0.0,180.20589115760782
832.0,174.7216767744075,179.68204289695487,1.0,180.12731391850988
833.0,177.50563951275402,179.2615495173528,1.0,179.99744925833633
834.0,180.2277364124706,178.87840876619453,1.0,179.82959318451503
835.0,182.0282575295433,179.42519049948044,0.8708372889358089,179.76893278175984
836.0,184.64985180666457,179.41381770934177,1.0,179.71566552089715
837.0,185.0494714322951,179.73965494680579,0.6754424498667914,179.71926393478344
838.0,182.43305527952083,180.0945806856063,0.22436914852484213,179.77556144740686
839.0,178.37898738442036,180.52308892755346,0.0,179.88769056942886
840.0,177.35866335204034,180.29640083394943,0.44154801975773006,179.94899710910695
841.0,176.47857683256456,180.1949587357366,0.45918256658543494,179.9858913531014
842.0,179.22349734739646,179.60595881141964,1.0,179.92890147184914
843.0,180.83415503279284,179.7315525294063,0.839010310634112,179.89929913048272
844.0,178.37634635577928,180.0834064993129,0.2341092152239435,179.92691523580726
845.0,181.07909421453974,179.6148543971591,1.0,179.88010611001002
846.0,183.37486895835787,179.68297055235848,0.9479631922878525,179.8505357763623
847.0,184.67287698739338,179.7833893334725,0.8059507675498554,179.84046380992882
848.0,182.49309439399275,180.08141365929285,0.2886088676145504,179.87660628733343
849.0,180.13219255635883,180.21568346923513,0.25417503900155286,179.92746786461868
850.0,176.77778462428884,180.34439523434733,0.0972794520440311,179.99000697007799
851.0,178.07968953618433,180.0517298583976,0.7845450188652876,179.99926540332595
852.0,179.3279065210844,179.93714897130945,0.780831512855624,179.98994793852347
853.0,181.70789554071231,179.8062904477506,0.9547580413478034,179.96239931490754
854.0,180.48246988841024,180.0201846439166,0.4218791372903957,179.97106711425891
855.0,178.40087938130108,180.17029412136702,0.2893696568949951,180.00095116532515
856.0,178.48260361129408,180.07085012334295,0.6069282324366213,180.01143600902782
857.0,181.18299019770976,179.63651745576342,1.0,179.95519822603816
858.0,179.3809239066115,179.9940464305175,0.3336333569942945,179.96102545671008
859.0,178.9914129403622,180.0337819949247,0.5395097680846419,179.97193893744227
860.0,177.58757534379507,180.125148418718,0.386062403649471,179.99492035963365
861.0,180.30785144726627,179.76229969694253,1.0,179.96002726023
862.0,180.94650255431418,179.86254928967904,0.6968238375480718,179.94540556464736
863.0,181.30344211647525,179.92347829121624,0.6566959428385416,179.9421164736327
864.0,177.27447673610914,180.3206366640616,0.0,179.99889450219703
865.0,180.00171058641783,179.7229118850783,1.0,179.95749710962923
866.0,181.62647618480455,179.7763475543949,0.8437205417127341,179.93032467634407
867.0,178.5956849037038,180.14275311427636,0.15080289511757194,179.96218894203392
868.0,178.65936002308584,180.0616650267273,0.6048702175863166,179.97711035473793
869.0,181.3558186892395,179.6574820813715,1.0,179.92916611373298
870.0,182.46352778056595,179.78678598286498,0.7706757593297652,179.90780909410276
871.0,181.82201645046305,179.96817118143633,0.5119850597531194,179.91686340720278
872.0,181.78624711745022,179.99639979864682,0.6007079882162867,179.92879386591937
873.0,177.74655273706244,180.35631251672896,0.0,179.9929216635408
874.0,180.46329600957216,179.57973995390117,1.0,179.93094440709484
875.0,177.60722038706456,180.05427209248813,0.17313297665576505,179.94944355990384
876.0,175.15853762370597,180.21612931636065,0.22472165345309178,179.98944642337236
877.0,177.93279234317916,179.82896307311353,1.0,179.96537392083354
878.0,180.64539695777518,179.55618781707733,1.0,179.9039960052701
879.0,183.2977214698246,179.53448848978874,1.0,179.8485698779479
880.0,180.76619583717547,180.0048959623826,0.23126356000204568,179.87201879061314
881.0,183.4158359296827,179.78095599038846,1.0,179.85835937057945
882.0,179.33992846457863,180.3850055471396,0.0,179.93735629706347
883.0,181.43279056695584,180.00482180878353,0.9117290769051771,179.94747612382147
884.0,180.84481228793192,180.04982498865567,0.5165792267029308,179.96282845354662
885.0,178.6597509158603,180.18672025384305,0.27505683514902785,179.99641222359108
886.0,176.17046791176185,180.26528391215194,0.22214005243810164,180.0367429768752
887.0,178.92223529150047,179.87278349554342,1.0,180.01214905467543
888.0,181.61285228502268,179.66500500494874,1.0,179.96007744721643
889.0,180.51839669170323,179.9475880407629,0.4412078352854928,179.95820403624842
890.0,176.50687676522094,180.2861382703811,0.0,180.00739417136833
891.0,179.25116839266047,179.77871733949516,1.0,179.97309264658736
892.0,181.93447576171246,179.71025372336766,1.0,179.9336668081044
893.0,178.3170450236553,180.15284616322572,0.06383364183046747,179.9665437113726
894.0,181.0211106897963,179.75972030942788,1.0,179.9355202010809
895.0,182.5755283732824,179.78838261500388,0.8365663548222353,179.91344956316934
896.0,179.0473341026449,180.17668587886575,0.07935595398198186,179.9529350105238
897.0,181.7351711225861,179.78845439153167,1.0,179.92826291767497
898.0,182.09652214479195,179.88752404745688,0.659986557072828,179.92215208714228
899.0,179.02763069293775,180.1819978650275,0.14665468937117573,179.96112895382507
900.0,177.7012630939416,180.17248804176023,0.39780362912703715,179.99283281701534
901.0,175.22533829207467,180.25456585676596,0.22094882336642974,180.03209277297793
902.0,177.99810855225078,179.5322079430035,1.0,179.95711004848175
903.0,180.7092616955341,179.4053496835591,1.0,179.87434599374336
904.0,179.56650054753203,179.84426723608217,0.4309500334514672,179.8698341800942
905.0,182.24280053536467,179.46015322430722,1.0,179.80838203672613
906.0,183.88893152222295,179.65788697445595,0.8543956498132894,179.78580777738563
907.0,181.91556969669082,180.00564245920788,0.31695883124425733,179.81878297965898
908.0,181.55116793450617,180.02709067795394,0.5517249679946037,179.85002913440323
909.0,177.51669753596158,180.51649001874245,0.0,179.94999826705413
910.0,178.8678634610339,180.1090035433908,0.7943972138807169,179.97384905850464
911.0,179.12514223896437,180.02554311492804,0.6348180282263537,179.98160316696817
912.0,178.66372305914805,180.04518068555518,0.5278709304907648,179.99113979475624
913.0,181.15688623127528,179.83387234591746,0.9695202193495772,179.9675496774304
914.0,180.4329603069407,179.98660932707273,0.4952673987873994,179.97040862487677
915.0,181.70217060081546,179.900421234036,0.7918247451043465,179.95991051625066
916.0,181.5630390763815,179.9697586957472,0.5848041733376226,179.96138774317515
917.0,177.87790966843613,180.2610647599694,0.05244071906279882,180.0063392956943
918.0,180.59173389802643,179.82179035225602,1.0,179.97865695417858
919.0,178.56448836309508,180.07837126144634,0.29788561608705316,179.99361410026873
920.0,178.16166679176644,180.06193125783216,0.5347917255110224,180.00386167390326
921.0,179.3250739456587,179.939167793347,0.7683832957230607,179.99415759181983
922.0,182.0067389690885,179.69953820250603,1.0,179.94996468342276
923.0,179.1899811654761,180.08545989049557,0.18417545935510182,179.97028896448367
924.0,179.64180018175492,179.99938604013752,0.6650727896600768,179.97465352583177
925.0,182.3164268443826,179.7476982698661,1.0,179.9406102374369
926.0,179.26265460839502,180.1207821712946,0.14965558741647328,179.96763602751557
927.0,177.1783891963074,180.20038845590773,0.2849023702148384,180.0025488917744
928.0,179.90775832527834,179.76802410976956,1.0,179.96737017447367
929.0,182.2625703753856,179.72799925620953,0.9529143352670162,179.93146453673407
930.0,182.51028717765863,179.8674225461613,0.6446994215922393,179.92185823814816
931.0,180.96824715181805,180.05644629991426,0.3770616200494402,179.94204644741308
932.0,176.94673054844432,180.35376508551056,0.0,180.0038042431277
933.0,179.68124764736777,179.5610125263453,1.0,179.93738548561035
934.0,175.6883310329818,180.12579578197509,0.0,179.96564703006507
935.0,178.45081256558223,179.6649791278313,1.0,179.92054684473
936.0,181.1519056196804,179.44509333416815,1.0,179.84922881814575
937.0,177.70653730000802,180.032206144968,0.08703443744807604,179.87667541716908
938.0,180.42416980445228,179.79677936919649,1.0,179.86469100997317
939.0,183.08141047546445,179.47493933511774,1.0,179.80622825874485
940.0,181.31388246382699,179.91593136714744,0.3451421665059275,179.82268372500522
941.0,179.7018137513419,180.08278674509137,0.362569301339994,179.86169917801814
942.0,181.11628229488613,179.92596572599427,0.8111763273694431,179.87133916021457
943.0,183.04160411539323,179.8243226485254,0.8925192140590167,179.86428668346122
944.0,184.17912891980978,179.84113002380573,0.7807674010471259,179.8608131845129
945.0,180.08625938825847,180.59645480964238,0.0,179.97115942828233
946.0,178.98443831313128,180.3196627760035,0.43501437002511467,180.0234349304405
947.0,176.15798116937825,180.3367624120331,0.17264622281414807,180.0704340526794
948.0,177.6791448469481,180.02202125420987,0.8153678222000713,180.06317213290896
949.0,175.18847632855568,180.19255141879387,0.2186635383976296,180.0825790257917
950.0,177.96206574347667,179.5205748413709,1.0,179.99827839812858
951.0,180.67401983806607,179.35055206951503,1.0,179.90111944883654
952.0,181.83155258515933,179.64886850661978,0.7758766448575427,179.86328180750402
953.0,184.4575180832669,179.33747607379476,1.0,179.78441094744764
954.0,180.56698440457302,180.015779465205,0.03127834180680911,179.81911622511123
955.0,183.22105141780474,179.79578776322035,1.0,179.8156169558276
956.0,181.29383775726018,180.05338209642554,0.3216547889776643,179.8512817269173
957.0,177.26508580709884,180.3285793337119,0.0,179.92287636793648
958.0,178.87358453528122,180.01113554932556,0.8321584285843528,179.93611524514486
959.0,178.88625641801158,180.0011526908577,0.5981460641938264,179.94587086200178
960.0,174.9110062753891,180.57869550597417,0.0,180.04079455859764
961.0,177.69076169149156,179.57107606944692,1.0,179.97033678522502
962.0,180.40874476501398,179.29968980907532,1.0,179.86973973880256
963.0,183.06632821468034,179.2809295724422,1.0,179.78141821384853
964.0,178.99818758768745,180.01796059201325,0.0,179.81689957057324
965.0,181.6871167524055,179.77360809824378,1.0,179.81040584972382
966.0,178.29606937826887,180.15517963794866,0.09696661638752346,179.86212191795755
967.0,180.4672856952314,179.89731705210073,0.9200026788052748,179.86740118807901
968.0,183.12356823533736,179.69477132786156,1.0,179.8415067090464
969.0,183.10267128640572,179.87080830849456,0.6072773517780444,179.84590194896361
970.0,182.51928118243478,179.98360882735042,0.52283372202571,179.86655798072164
971.0,182.36943733558155,179.9972132499494,0.5859210269134656,179.8861562711058
972.0,178.31678317256862,180.35450466665657,0.0,179.9564085304384
973.0,174.35418799095598,180.50387874400968,0.0,180.0385290624741
974.0,177.1463171467125,179.83894956363645,1.0,180.00859213764846
975.0,179.87639898789666,179.73274925496477,1.0,179.96721570524593
976.0,182.5458123437212,179.64948482486977,1.0,179.91955607318948
977.0,185.15590540274962,179.57412405050664,1.0,179.86774126978705
978.0,181.7240863655007,180.0744288166248,0.10241349575515979,179.8987444018127
979.0,177.68577333515626,180.8134231926365,0.0,180.03594622043627
980.0,180.40386726104168,179.89589331141218,1.0,180.01493828408266
981.0,176.39489243301853,180.29680590800692,0.0,180.0572184276713
982.0,179.14167260117367,179.67894283797833,1.0,180.00047708921736
983.0,179.072289284565,179.87544294445684,0.5867314111792769,179.98172196750326
984.0,181.56383029728926,179.76444485268246,0.9706387828571894,179.94913040028013
985.0,179.89189918722298,180.02787470973016,0.3544231011476905,179.96094204669762
986.0,181.46747501968133,179.89353483535643,0.8359760388261646,179.95083096499644
987.0,181.22327503582258,179.97391694268313,0.5682615858201262,179.95429386164943
988.0,183.74663445336165,179.80090082225948,0.9825814960836032,179.93128490574094
989.0,179.6633759099536,180.47816283330593,0.0,180.01331659487568
990.0,180.70607237981667,180.11509775392153,0.7552823901793044,180.02858376873257
991.0,176.69038188248743,180.44504511214103,0.0,180.09105297024385
992.0,175.9201245898482,180.24037345315745,0.47342934571240847,180.11345104268088
993.0,178.67745515451824,179.65433935939674,1.0,180.04458429018825
994.0,181.37351170664004,179.61784808103545,1.0,179.98057385881535
995.0,184.00965589093693,179.60022906184196,1.0,179.92352213926935
996.0,179.9205524266939,180.18348332533455,0.0,179.96251631717914
997.0,180.01690780483344,180.06472195104234,0.6141884814765797,179.97784716225863
998.0,179.06474922816196,180.09474787687068,0.4572325728487209,179.99538226945043
999.0,179.77950214281225,179.9834918973406,0.704095434624752,179.99359871363396
1000.0,179.1646063477582,180.03715039989964,0.5070306378845998,180.0001314665738
1001.0,177.24455867324255,180.15596536456235,0.3092082033151815,180.02350655127208
1002.0,179.9724573693927,179.34105314582212,1.0,179.9211385404546
1003.0,179.74547953331478,179.75168297691002,0.5658615158196182,179.8957202059229
1004.0,182.41780221035222,179.63151590598778,1.0,179.85608956093265
1005.0,178.3640732723444,180.32140056505523,0.0,179.92588621155105
1006.0,181.0670938662923,179.83234003576658,1.0,179.91185428518338
1007.0,181.61967042942504,179.88901659285693,0.6864434640242195,179.9084286313344
1008.0,181.17157167689277,179.98595733012812,0.5381840885515761,179.92005793615346
1009.0,177.1455367507396,180.5077629809185,0.0,180.00821369286822
1010.0,179.8756359340565,179.54641584507985,1.0,179.93894401569997
1011.0,175.91113993581283,180.11440945406395,0.004911053376970398,179.96526383145456
1012.0,178.66867015946144,179.41721489980202,1.0,179.88305649170667
1013.0,181.36492193369563,179.4283419743799,1.0,179.81484931410765
1014.0,180.0538908497351,179.86701771671287,0.407895077184906,179.82267457449845
1015.0,182.06098689368102,179.79783517906898,0.9012440427576724,179.81894866518402
1016.0,184.52684034222247,179.73505960256784,0.9767479735934865,179.80636530579162
1017.0,180.42624389017308,180.28330596301592,0.0,179.87790640437527
1018.0,183.08343847039146,179.8716259733299,1.0,179.87696433971846
1019.0,179.01491761549386,180.7140404929594,0.0,180.0025257627046
1020.0,178.27915260608617,180.34330682633714,0.4863516406404938,180.05364292224948
1021.0,180.98406032595094,179.7784582207026,1.0,180.01236521701745
1022.0,178.55999697232878,180.09149939478522,0.23967069804317936,180.02423534368262
1023.0,181.25866370627702,179.5288847458536,1.0,179.94993275400824
1024.0,177.2306934016931,180.18253312082706,0.0,179.98482280903104
1025.0,179.9589002149888,179.84866773229047,1.0,179.96439954751995
1026.0,176.68403585820047,180.18326918301264,0.10863334719837958,179.99722999284384
1027.0,177.61229980941852,180.00726064105183,0.7281863788767067,179.99873459007506
1028.0,180.33202648032034,179.7413945495625,1.0,179.96013358399816
1029.0,182.99131478075768,179.38138552656451,1.0,179.8733213753831
1030.0,179.54056145351157,180.0043775671483,0.09235805018227661,179.8929798041479
1031.0,182.13576644475359,179.80780075746597,0.987749286864676,179.88020294714562
1032.0,181.90228158256537,179.93762022866161,0.5720964921542799,179.888815539373
1033.0,178.59204467704785,180.218508477056,0.1098054027809241,179.93826948002544
1034.0,177.32349470201876,180.18143991894684,0.40502431933579824,179.97474504586364
1035.0,175.25350189698884,180.22656926525903,0.2805793949189052,180.01251867877295
1036.0,178.02564629927798,179.56218957065872,1.0,179.94496931255583
1037.0,180.67127418146086,179.62774982350567,0.9902630033250235,179.89738638919832
1038.0,183.32302364409506,179.64135899569544,1.0,179.85898228017288
1039.0,185.91584534089296,179.61785080616244,1.0,179.8228125590713
1040.0,181.920667664855,180.13358851766108,0.020442833063948507,179.86942895285978
1041.0,179.9169195440668,180.19523268819492,0.305840007431288,179.91829951316004
1042.0,175.91876577642086,180.4084510842134,0.0,179.99182224881804
1043.0,172.7928736266194,180.3953878087187,0.11751206345118828,180.05235708280313
1044.0,175.61969865713897,179.38425993129536,1.0,179.95214251007695
1045.0,178.383705353647,179.30135687657977,1.0,179.85452466505237
1046.0,181.0862896791215,179.1872705437709,1.0,179.75443654686015
1047.0,183.72881657514102,179.27030473616958,1.0,179.68181677525658
1048.0,179.64595398458235,180.107607354765,0.0,179.74568536218283
1049.0,182.32048834048052,179.59726793908632,1.0,179.72342274871835
1050.0,180.76895018837004,179.94274105270722,0.37500423831836316,179.7563204943167
1051.0,180.46228554578204,179.99024819986295,0.5565634709063682,179.79140965014864
1052.0,182.58398946307136,179.8293411133387,0.9197965394126703,179.79709936962715
1053.0,178.5265674750031,180.25537491192617,0.0,179.865840700972
1054.0,180.4035210486426,179.95740026804194,0.8766315942959341,179.87957463603252
1055.0,178.77209046711994,180.09723858036568,0.3566304829337424,179.9122242276825
1056.0,181.46604401229504,179.71666266125334,1.0,179.8828899927181
1057.0,179.91302467960543,179.99335823998186,0.3719339134708748,179.8994602298077
1058.0,180.76799124407518,179.92675831162455,0.7279550669358121,179.90355494208023
1059.0,177.123398778453,180.233822102242,0.05587110097025971,179.9530950161045
1060.0,179.85398991670962,179.6730962453235,1.0,179.91109520048735
1061.0,180.25985134799004,179.8317787811876,0.6603925144144273,179.89919773759237
1062.0,178.57266339491363,180.05104362736753,0.34778797819850804,179.92197462105867
1063.0,181.27104865280444,179.63588874325814,1.0,179.8790617393886
1064.0,182.72719069338203,179.73787379587162,0.8226581349293217,179.85788354786104
1065.0,178.7941448087414,180.17864357218556,0.019133752948514493,179.9059975515097
1066.0,176.01203170610128,180.27246198072822,0.17866351729978425,179.96096721589248
1067.0,178.76731989041014,179.8283191598023,1.0,179.94107000747894
1068.0,181.46137944840103,179.66137356343978,1.0,179.89911554087308
1069.0,182.8585009863022,179.75016434467645,0.8144394955131787,179.87677286144358
1070.0,179.48616045378682,180.13966512530283,0.10367725674370087,179.91620670102247
1071.0,180.84236580998723,179.94697531035038,0.801718004942685,179.92082199242165
1072.0,177.69845282429796,180.2031167502483,0.13122093817990105,179.96316620609565
1073.0,177.1718483546594,180.11338123017805,0.5133375056352116,179.985698459708
1074.0,179.90136283566696,179.76330706585364,1.0,179.95233975062985
1075.0,182.5702214393188,179.5806647088231,1.0,179.89658849435884
1076.0,180.7381778273135,179.954642311809,0.33376086299693386,179.90529656697638
1077.0,181.75937655252662,179.89435008290297,0.7556404015396799,179.90365459436538
1078.0,182.5029104985894,179.89045153653612,0.7173946804178395,179.901674135691
1079.0,178.4472902652874,180.41949650707184,0.0,179.9793474913981
1080.0,178.71579947897325,180.1402545593505,0.6351006829371705,180.00348355159096
1081.0,180.42915966699977,179.9205410315151,0.852723359800554,179.9910421735796
1082.0,180.86340490813987,179.92646895156838,0.6665673183943471,179.9813561902779
1083.0,176.84421813240343,180.45090263187842,0.0,180.05178815651797
1084.0,179.3454897630412,179.9896648663951,0.9646714717036765,180.04246966299954
1085.0,176.56568724403496,180.19513023304356,0.18084792135920286,180.06536874850613
1086.0,179.3086719719453,179.59076243441237,1.0,179.99417780139208
1087.0,181.99070148367986,179.56302520265726,1.0,179.92950491158186
1088.0,182.25143462197323,179.79408466044544,0.6457456423562729,179.9091918739114
1089.0,184.8680694081516,179.54028061380131,1.0,179.85385518489488
1090.0,180.75989008797046,180.28434053906437,0.0,179.9184279880203
1091.0,179.8443518080667,180.17117079574183,0.46520222497433966,179.95633940917855
1092.0,178.79676467966388,180.13597273186477,0.4423431034331316,179.9832844075815
1093.0,176.4571934603675,180.21835474423594,0.24505353270442412,180.01854495807967
1094.0,176.66210127694083,180.0637335711482,0.6189268173538909,180.02532325003995
1095.0,179.4029434707866,179.75880336241173,1.0,179.9853452668957
1096.0,181.79312143142633,179.71396848936914,0.9565365056652467,179.9446387502667
1097.0,180.60933179597234,179.96049354447993,0.42840862611998837,179.9470169693987
1098.0,181.6999586602968,179.89157951660061,0.7656251356352437,179.93870135147898
1099.0,183.38671958553707,179.819293207366,0.8586806676536969,179.92079012986204
1100.0,179.61819755852412,180.1947659771113,0.0460107612331791,179.96188650694944
1101.0,176.62571857276905,180.29013141283178,0.14985547733182158,180.0111232428318
1102.0,175.67942211542987,180.1780211509555,0.44680792664168906,180.03615792905035
1103.0,178.44210162397587,179.83853968282358,1.0,180.00651519211635
1104.0,181.1433882545542,179.44814780477566,1.0,179.92276008401524
1105.0,183.7846462933419,179.46420398921663,1.0,179.85397666979546
1106.0,179.70054304237874,180.2883249894775,0.0,179.91912891774777
1107.0,182.37386430810366,179.695067484656,1.0,179.885519702784
1108.0,179.29329425721684,180.0895899567416,0.14582737339398932,179.91613024087764
1109.0,181.97566549594535,179.740924071306,1.0,179.8898493154419
1110.0,177.93176181825768,180.24742761656196,0.0,179.94348606060993
1111.0,179.10595207690335,179.99884206974139,0.769234411524377,179.95178946197964
1112.0,177.39634135596458,180.11260984229463,0.3405782321155305,179.9759125190269
1113.0,180.1208671036098,179.32766023525863,1.0,179.87867467646169
1114.0,176.11818116797403,180.02271504545925,0.0,179.9002807318113
1115.0,178.8711104753524,179.54623025006174,1.0,179.84717315954884
1116.0,181.20083716783918,179.63267941691595,0.9456960387908606,179.81499909815392
1117.0,181.14544016153087,179.84382226064005,0.5956932396132175,179.81932257252683
1118.0,180.71929667072652,179.95661159684232,0.5398966102511167,179.83991592617414
1119.0,183.3699789669326,179.64084659356118,1.0,179.8100555262822
1120.0,183.78567469060283,179.81047111311833,0.6735876217736443,179.8101178643076
1121.0,179.7015485863672,180.44004228943925,0.0,179.90460652807735
1122.0,175.9717636666388,180.44274702015716,0.039537423995293454,179.98532760188934
1123.0,175.6372690344452,180.19346381096906,0.5363983507264248,180.0165480332513
1124.0,178.06888266528773,179.88797019665324,0.9501996080745289,179.9972613577616
1125.0,180.77846305050355,179.5736407219716,1.0,179.9337182623931
1126.0,183.42783053827014,179.34014543661402,1.0,179.84468233852624
1127.0,179.35165652630857,180.21015862108604,0.0,179.8995037809102
1128.0,182.03273082572395,179.64967131665472,1.0,179.86202891127186
1129.0,178.6137475985337,180.09761273296485,0.09392828534054443,179.89736648452583
1130.0,178.16769258454212,180.05892870185906,0.5284709065630433,179.9216008171258
1131.0,179.59003656910895,179.90501840549325,0.807243906300164,179.91911345538094
1132.0,177.02723571486908,180.13858373915824,0.21421332709438445,179.95203399794752
1133.0,179.30961085959402,179.8741514925336,0.9324470574249728,179.94035162213544
1134.0,181.05926271700818,179.80646423946288,0.8601464814774374,179.92026851473454
1135.0,183.70239021218578,179.50176346036875,1.0,179.8574927565797
1136.0,186.28678154080387,179.4972081316023,1.0,179.80345006283306
1137.0,182.14707528434155,180.52516692021246,0.0,179.91170759143998
1138.0,182.1129312188251,180.19398613601945,0.6020353077870068,179.9540493731269
1139.0,178.0659771917401,180.39525279038514,0.0,180.02022988571565
1140.0,174.1089554763681,180.7554721122609,0.0,180.13051621969745
1141.0,176.90653424355992,179.90967314022873,1.0,180.09738975777714
1142.0,178.01659833521114,179.87198737357065,0.7561980612262154,180.06357940014615
1143.0,180.72734059442868,179.71536899633017,1.0,180.01134783957377
1144.0,183.3778441367747,179.4257958488928,1.0,179.92351504097164
1145.0,181.81801627701444,179.86920082861727,0.37728530149187633,179.9153679091185
1146.0,179.4790236816078,180.10653454334667,0.2552111649457197,179.94404290425274
1147.0,178.0711790583422,180.13418836863386,0.38708671878218703,179.9725647239099
1148.0,177.21842284146072,180.1049155207677,0.4656571643289186,179.99241734343858
1149.0,177.05543650764318,180.04247019876524,0.5662801260655727,179.9999252717376
1150.0,179.78753791858443,179.23367655145708,1.0,179.8849879636955
1151.0,182.4589259648381,179.43604743660134,1.0,179.8176468846314
1152.0,184.50240018026435,179.60465767528032,0.9147175521967319,179.78569850322873
1153.0,183.53317192702985,179.8956917480618,0.4696237626157085,179.8021974899537
1154.0,180.9070193947832,180.13662384012116,0.21785435991976784,179.8523614424788
1155.0,176.88686340823244,180.3498943506883,0.0,179.92699137871023
1156.0,177.85118495315007,180.05950149133574,0.7342711097650835,179.94686789560407
1157.0,180.34665688183114,179.82861471904712,0.9671580724793274,179.92912991912053
1158.0,177.58676194862974,180.12500337117993,0.18717128295922802,179.95851093692943
1159.0,180.3070561275491,179.7628840183293,1.0,179.92916689913943
1160.0,180.4055661000101,179.8855413111141,0.6158000162943142,179.92262306093562
1161.0,183.06322018667655,179.67723623108523,1.0,179.88581503645804
1162.0,179.4887144174163,180.12095521790135,0.07403486856655433,179.92108606367452
1163.0,178.7505941131545,180.09076377462213,0.487577669085453,179.94653772031666
1164.0,181.4450253550844,179.7105388131187,1.0,179.91113788423695
1165.0,179.6170756589438,180.00502366224805,0.33062429676252514,179.92522075093862
1166.0,175.62558508874505,180.30833357319287,0.0,179.98268767427678
1167.0,178.38946097566182,179.61482072409433,1.0,179.9275076317494
1168.0,179.36619308422317,179.7638395035492,0.7411413528697398,179.90295741251936
1169.0,179.90580598402798,179.85604264271316,0.6788292452514657,179.8959201970484
1170.0,182.57456585104958,179.35744550251025,1.0,179.81514899286768
1171.0,181.5414257569906,179.80801408801253,0.453610872061318,179.8140787571394
1172.0,182.78814178907982,179.82076654743474,0.7921454906700154,179.81508192568373
1173.0,181.99906717635378,179.97670690050623,0.490932614054692,179.8393256719071
1174.0,178.19650784428498,180.26377180201987,0.036279657444193314,179.90299259142398
1175.0,174.2365854477453,180.63331071255274,0.0,180.0125403095933
1176.0,177.03132799335097,179.44565945112603,1.0,179.92750818082322
1177.0,179.7639651490543,179.5189336564298,1.0,179.86622200216422
1178.0,182.43587703463086,179.2788613436669,1.0,179.7781179033896
1179.0,182.0877348444356,179.72754878931997,0.5558982615861463,179.77053253627915
1180.0,180.1334284571442,180.0277884349971,0.3138131580544086,179.80912092108684
1181.0,179.6067870727021,180.04363029244197,0.5214485538575019,179.84429732679013
1182.0,179.8649864244702,179.99206110479693,0.6374191930075563,179.86646189349113
1183.0,179.0801523848379,180.0487431701396,0.48182484880338905,179.8938040849884
1184.0,175.68717235354737,180.26567822018194,0.08798683658921111,179.94958520526743
1185.0,178.44967963457964,179.60732813604514,1.0,179.8982466448841
1186.0,181.1507978649223,179.36979545006125,1.0,179.81897896566068
1187.0,179.02993163030672,179.89627675405924,0.2857060576907338,179.83057363392047
1188.0,181.71815537185546,179.67495142944517,1.0,179.80723030324918
1189.0,182.46326348789847,179.80440145907775,0.7174934019793029,179.80680597662348
1190.0,184.8517557261048,179.73434239099848,0.9664847140239452,179.79593643877973
1191.0,180.74393893219138,180.260460880327,0.0,179.86561510501184
1192.0,176.72740695592046,180.41919731638728,0.0,179.94865243671816
1193.0,179.46679791245555,179.949063189232,1.0,179.94871404959522
1194.0,180.19568361679302,179.92244721028985,0.7075555153588045,179.94477402369944
1195.0,177.96682285669078,180.13110593469182,0.26632316470730877,179.9727238103483
1196.0,180.67867123765322,179.81325706506095,1.0,179.94880379855522
1197.0,182.18362608157892,179.80850369002977,0.8280054640476993,179.92775878227638
1198.0,178.13510105754384,180.27952731829413,0.0,179.98052406267905
1199.0,180.5690909669662,179.93027073766763,0.9588821566051677,179.97298606392735
